A,B,C
-0.87,0.39,1
-0.04,0.8,-1
-0.69,-0.32,1
0.12,-0.54,1
-0.63,0.28,1
0.47,0.67,-1
-0.27,0.07,1
-0.92,-0.97,1
-0.83,0.96,1
0.71,-0.62,1
-0.73,0.59,1
-0.96,0.89,1
0.06,-0.51,1
0.99,0.67,1
-0.98,-0.36,1
-0.97,0.21,1
-0.81,-0.91,1
-0.81,-0.49,1
0.65,-0.32,1
0.53,0.15,1
-0.32,-0.3,1
0.04,0.65,-1
-0.07,-0.18,1
-0.59,0.31,1
0.83,0.71,1
0.73,-0.24,1
0,-0.84,1
0.04,-0.33,1
0.57,0.97,-1
1,-0.5,1
-0.68,0.34,1
-0.43,-0.89,1
-0.15,0.84,-1
-0.45,-0.86,1
-0.43,0.32,1
-0.24,0.48,-1
0.14,0.39,-1
0.31,0.51,-1
0.62,-0.45,1
0.39,0.89,-1
-0.41,0.39,-1
0.08,0.79,-1
-0.9,-0.62,1
0.89,0.68,1
0.17,0.46,-1
0.25,0.54,-1
0.5,0.96,-1
0.7,0.26,1
0.38,-0.76,1
0.02,0.11,-1
0.58,-0.25,1
0.09,0.61,-1
-0.58,-0.08,1
0.02,-0.08,1
-0.62,-0.84,1
0.91,-0.67,1
-0.13,-0.57,1
-0.54,-0.74,1
-0.6,-0.6,1
-0.23,-0.58,1
-0.18,0.9,-1
-0.05,0.05,1
-0.89,-0.79,1
0.9,-0.63,1
-0.73,-0.83,1
0.95,0.65,1
-0.59,0.07,1
-0.57,0.05,1
0.4,0.7,-1
0.4,-1,1
0.77,0.42,1
-0.49,0.02,1
-0.25,-0.16,1
-0.24,0.48,-1
0.03,-0.19,1
0.69,0.59,1
-0.95,0.63,1
-0.64,0.58,1
0.71,-0.31,1
-0.07,0.13,-1
-0.87,-0.15,1
-0.6,-0.1,1
-0.09,-0.47,1
0.1,0.12,-1
0.97,0.7,1
0.44,0.75,-1
0.68,0.9,1
-0.97,0.49,1
0.51,-0.46,1
-0.29,-0.36,1
0.91,-0.21,1
0.57,-0.11,1
0.19,0.88,-1
-0.53,0.95,-1
0.24,-0.45,1
0.56,-0.52,1
0.36,0.58,-1
0.15,-0.84,1
0.97,-0.1,1
-0.54,0.62,1
0.24,-0.11,1
0.28,-0.57,1
0.24,0.09,1
-0.87,-0.34,1
-0.73,0.62,1
0.19,-0.26,1
0.06,0.46,-1
0.35,-0.32,1
-0.9,-0.65,1
-0.38,0.47,-1
0.58,-0.99,1
-0.61,-0.7,1
0.57,0.26,1
-0.73,-0.66,1
-0.97,0.53,1
-0.93,-0.07,1
0.04,0.7,-1
0.84,-0.01,1
-0.43,-0.31,1
-0.79,0.54,1
-0.23,0.41,-1
0.12,0.03,-1
-0.49,-0.92,1
0.39,0.15,1
0.75,0.94,1
-0.65,-0.96,1
0.82,0.22,1
-0.33,0.57,-1
-0.66,0.24,1
-0.98,0.12,1
-0.16,-0.63,1
-0.64,-1,1
-0.57,0.29,1
0.71,-0.25,1
-0.26,0.75,-1
-0.74,-0.27,1
-1,0.18,1
-0.06,0.02,-1
-0.5,0.4,1
-0.36,0.44,-1
0.17,0.92,-1
-0.69,-0.23,1
-0.25,0.91,-1
0.97,-0.92,1
-0.9,-0.46,1
0.15,1,-1
0.86,0.27,1
-0.84,0.17,1
-0.34,-0.36,1
0.08,0.12,-1
0.53,0.73,-1
-0.17,-0.91,1
0.54,-0.89,1
-0.83,0.55,1
-0.06,-0.02,1
-0.54,0.11,1
-0.25,0.22,-1
0.02,0.24,-1
-0.11,-0.67,1
0.41,-0.65,1
-0.01,-0.04,1
0.65,0.71,1
0.18,-0.56,1
-0.79,-0.78,1
-0.86,0.92,1
0.93,0.96,1
0.3,0.48,-1
0.87,-0.77,1
-0.86,-0.16,1
-0.69,-0.95,1
-0.01,-0.35,1
0.3,-0.22,1
-0.42,-0.91,1
0.31,-0.36,1
0.2,0.84,-1
-0.68,-0.67,1
0.17,0.09,-1
0.6,-0.9,1
0.52,0.94,-1
1,-0.56,1
0.41,0.37,-1
0.79,-0.82,1
1,-0.93,1
0.42,1,-1
-0.48,0.11,1
0.25,-0.86,1
-0.42,-0.22,1
-0.92,-0.69,1
-0.62,-0.01,1
-0.29,0.86,-1
0.97,0.56,1
-0.33,0.52,-1
-0.13,0.4,-1
-0.14,-0.89,1
0.69,-0.09,1
0.73,0.81,1
0.5,0.72,-1
-0.63,0.55,1
0.46,-0.2,1
-0.53,0.53,1
0.07,0.66,-1
0.65,-0.36,1
0.04,-0.33,1
0.36,0.04,1
0.58,0.39,1
0.74,0.81,1
-0.19,-0.59,1
0.36,0.57,-1
-0.34,-0.63,1
-0.98,-0.78,1
-0.61,0.66,1
-0.26,0.02,1
0.9,-0.13,1
-0.86,0.55,1
-0.09,0.31,-1
-0.75,-0.8,1
0.82,-0.79,1
0.3,0.76,-1
0.27,-0.52,1
0.59,0.98,-1
-0.81,0.18,1
0.09,-0.15,1
-0.09,0.17,-1
0.85,0.12,1
-0.71,-0.22,1
-0.98,-0.44,1
0.73,0.95,1
-0.42,0.93,-1
0.55,0.08,1
0.32,-0.51,1
-0.24,0.94,-1
-0.21,-0.09,1
-0.11,-0.21,1
-0.04,-0.6,1
0.44,0.35,1
0.06,-0.07,1
0.83,0.76,1
-0.93,0.89,1
-0.96,-0.96,1
-0.08,-0.42,1
0.19,0.79,-1
-1,-0.91,1
0.09,-0.54,1
-0.54,-0.18,1
0.01,0.88,-1
-0.42,0.06,1
-0.84,-0.44,1
0.14,-0.53,1
0.71,-0.22,1
-0.45,-0.36,1
0.04,-0.42,1
0.09,-0.19,1
0.04,-0.51,1
0.32,-0.57,1
-0.65,0.21,1
-0.89,0.16,1
-0.34,-0.27,1
-0.33,0.18,-1
-0.15,0.75,-1
0.32,-0.47,1
0.39,-0.66,1
-0.08,-0.38,1
0.97,0.76,1
0.2,0.37,-1
-0.97,-0.77,1
0.22,-0.73,1
-0.93,0.59,1
0.26,0.82,-1
0.31,0.15,1
-0.12,-0.94,1
0.38,-0.76,1
-0.72,0.09,1
0.64,0.97,-1
0.28,-0.55,1
-0.26,-0.64,1
0.53,-0.34,1
0.22,-0.18,1
0.13,0.51,-1
0.23,-0.36,1
0.53,-0.66,1
0.08,-0.69,1
-0.17,0.66,-1
0.68,0.64,1
0.04,0.99,-1
0.39,0.46,-1
-0.23,-0.9,1
0.62,0.08,1
-0.02,0.23,-1
0.38,-0.51,1
-0.46,-0.46,1
-0.23,-0.65,1
-0.38,1,-1
-0.3,-0.67,1
-0.49,0.46,-1
-0.26,0.72,-1
0.63,0.02,1
-0.44,-0.62,1
-0.1,-0.1,1
-0.56,-0.14,1
0.17,0.8,-1
-0.53,-0.36,1
0.81,-0.73,1
-0.95,0.23,1
-0.06,-0.52,1
0.58,-0.49,1
-0.76,-0.45,1
-0.53,0.96,-1
-0.02,-0.92,1
0.21,-0.45,1
0.91,0.82,1
-0.08,0.56,-1
-0.93,-0.58,1
1,0,1
-0.47,-0.32,1
0.45,0.72,-1
0.98,-0.1,1
-0.04,0.22,-1
0.72,-0.25,1
-0.42,0.77,-1
0.47,-0.54,1
-0.22,-0.59,1
-0.03,0.84,-1
0.12,-0.97,1
0.6,0.21,1
-0.75,-0.73,1
0.59,0.98,-1
-0.06,0.93,-1
0.87,0.36,1
0.18,-0.48,1
0.56,0.37,1
-0.13,-0.45,1
0.29,-0.23,1
-0.14,0.09,1
-0.51,0.58,-1
-0.03,0.11,-1
0.26,0.43,-1
0.63,-0.96,1
-0.98,0.52,1
0.59,0.6,1
0.34,-0.61,1
0.24,0.4,-1
0.62,-0.82,1
0.88,0.58,1
-0.81,-0.26,1
0.55,0.85,-1
-0.78,0.57,1
0.51,-0.32,1
-0.7,0.45,1
0.15,-0.25,1
-0.93,-0.45,1
-0.32,0.83,-1
0.35,0.69,-1
-0.82,0.57,1
0.3,-0.3,1
0.56,0.11,1
-0.04,0.57,-1
-0.36,0.11,1
0.04,0.68,-1
-0.69,0.73,1
-0.62,0.64,1
0.62,0.99,-1
-0.95,0.35,1
0.95,-0.46,1
-0.8,0.45,1
-0.23,-0.59,1
-0.47,-0.01,1
0.71,0.6,1
-0.21,-0.34,1
0.36,0.48,-1
-0.7,-0.31,1
0.18,-0.44,1
-0.69,0.84,1
0.85,-0.55,1
-0.24,0.6,-1
0.99,-0.85,1
-0.67,0.97,-1
-0.54,-0.96,1
0.79,0.91,1
0.78,-0.92,1
0.32,-0.99,1
0.83,-0.47,1
-0.02,0.89,-1
-0.4,0.71,-1
-0.06,-0.67,1
-0.66,0.96,-1
0.02,-0.63,1
-0.31,0.52,-1
1,0.41,1
-0.01,-0.48,1
0.38,-0.09,1
-0.97,-0.99,1
0.81,0.79,1
-0.25,-0.9,1
0.66,0.06,1
-0.43,0.47,-1
-0.54,-0.67,1
0.49,-0.47,1
0.82,-0.52,1
-0.28,0.52,-1
-0.62,0.46,1
1,0.29,1
-0.49,-0.74,1
0.17,-0.23,1
-0.33,0.12,-1
0.72,0.29,1
0.91,-0.89,1
0.11,0.25,-1
-0.45,0.6,-1
-0.94,0.44,1
0.98,0.29,1
0.56,-0.68,1
0.49,0.44,1
0.41,-0.85,1
0.78,-0.07,1
0.67,0.83,-1
-0.96,0.1,1
-0.03,0.52,-1
0.63,0.44,1
0.02,-0.54,1
0.45,-0.86,1
0.37,0.37,1
-0.47,0.71,-1
0.16,-0.15,1
0.88,0.55,1
0.14,0.44,-1
-0.02,0.24,-1
0.61,0.46,1
0.97,-0.93,1
-0.49,0.78,-1
0.71,0.96,1
-0.63,0.76,1
0.34,-0.28,1
-0.06,-0.75,1
-0.59,-0.29,1
-0.96,-0.28,1
0.67,0.82,1
0.91,0.17,1
0.92,-0.94,1
0.04,0.38,-1
0.17,-0.2,1
0.02,-0.24,1
-0.83,-0.4,1
-0.08,0.21,-1
0.08,-0.27,1
0.19,0.38,-1
0.4,0.48,-1
0.19,0.16,-1
-0.22,-0.53,1
-0.97,0.8,1
0.11,-0.42,1
-0.47,0.9,-1
-0.27,-0.24,1
0.05,0.74,-1
0.99,0.16,1
-0.22,-0.49,1
-0.3,0.32,-1
0.16,-0.87,1
0.79,-0.02,1
-0.09,-0.4,1
-0.5,-0.41,1
-0.43,0,1
0.68,-0.67,1
-0.84,-0.29,1
-0.75,-0.45,1
0.1,-0.83,1
-0.69,0.49,1
-0.91,0.72,1
0.8,-0.8,1
-0.49,-0.33,1
0.24,0.23,-1
0.83,0.89,1
-0.68,0.57,1
-0.14,-0.34,1
0.93,-0.74,1
0.18,0.87,-1
-0.14,0.78,-1
-0.34,-0.16,1
-0.17,-0.31,1
-0.3,0.77,-1
0.67,0.2,1
-0.49,0.38,1
-0.12,-0.5,1
0.16,0.28,-1
0.56,-0.69,1
-0.25,-0.02,1
-0.68,-0.73,1
0.24,-0.69,1
-0.69,0.37,1
0.13,0.41,-1
0.28,0.07,1
-0.73,-0.25,1
-0.05,-0.22,1
-0.18,0.42,-1
0.27,0.6,-1
-0.96,-0.86,1
0.72,-0.26,1
-0.54,0.11,1
-0.46,0.29,1
-0.79,-0.55,1
-0.74,-0.29,1
-0.85,-0.25,1
-0.82,-0.01,1
0.93,-0.51,1
-0.29,0.27,-1
-0.39,0.55,-1
0.01,0.66,-1
-0.9,-0.32,1
0.16,-0.78,1
-0.33,-0.17,1
-0.11,0.06,-1
0.83,0.21,1
-0.72,-0.52,1
-0.41,0.73,-1
-0.16,0.33,-1
0.47,-0.44,1
0.19,-0.18,1
-0.11,-0.56,1
0.68,-0.08,1
0.17,0.97,-1
0.9,-0.96,1
0.57,0.98,-1
-0.91,-0.66,1
-0.3,-0.95,1
-0.69,0,1
-0.14,-0.32,1
-0.25,0.76,-1
0.04,-0.54,1
-0.22,-0.58,1
0.09,-0.62,1
-0.72,0.69,1
-0.37,-0.07,1
-0.37,-0.22,1
-0.64,0.12,1
-0.53,0.07,1
-0.05,-0.48,1
-0.23,0.93,-1
-0.65,0.16,1
-0.16,0.03,1
0.58,0.87,-1
0.99,-0.78,1
0.62,-0.1,1
-0.2,-0.55,1
0.19,-0.23,1
0.29,-0.3,1
-0.59,0.83,-1
-0.25,1,-1
-0.53,0.28,1
0.4,-0.3,1
0.4,-0.26,1
-0.81,0.77,1
-0.76,-0.01,1
-0.73,-0.84,1
0.33,0.22,-1
0.9,-0.22,1
-0.08,-0.97,1
0.36,-0.21,1
-0.41,-0.34,1
0.98,0.25,1
0.35,-0.44,1
0.5,0.92,-1
-0.84,-0.54,1
0.08,-0.8,1
0.04,-0.21,1
-0.36,-0.35,1
0.76,0.65,1
-0.32,-0.23,1
0.69,0.7,1
0.11,-0.91,1
0.58,-0.72,1
-0.85,0.04,1
0.87,0.33,1
0.97,-0.91,1
0.86,-0.53,1
0.7,-0.73,1
-0.49,0.71,-1
-0.44,-0.94,1
-0.04,-0.73,1
-0.59,-0.1,1
-0.69,0.82,1
-0.12,-0.94,1
0.97,0.43,1
0.18,-0.65,1
-0.12,-0.35,1
-0.48,0.63,-1
0.71,0.12,1
0.7,-0.67,1
-0.92,0.37,1
0.89,0.98,1
0.37,-0.82,1
-0.33,-0.5,1
-0.78,0.28,1
0.86,0.19,1
-0.55,0.78,-1
-0.69,0.18,1
0.77,-0.54,1
-0.77,0.2,1
-0.35,-0.78,1
0.09,0.46,-1
-0.56,0.48,1
0.52,-0.27,1
-0.17,0.23,-1
0.27,-0.18,1
0.2,0.19,-1
-0.27,0.26,-1
0.45,0.95,-1
-0.53,0.29,1
0.97,-0.16,1
-0.23,-0.94,1
-0.44,0.99,-1
-0.92,-0.74,1
-0.4,0.13,1
-0.99,0.5,1
0.38,0.81,-1
0.28,-0.6,1
0.06,0.7,-1
0.14,-0.87,1
0.42,0.66,-1
-0.59,-0.23,1
0.04,-0.88,1
-0.79,0.74,1
0.64,0.73,-1
0.48,0.22,1
-0.53,-0.8,1
-0.82,0.68,1
-0.98,0.53,1
-0.09,0.7,-1
-0.23,0.48,-1
-0.25,-0.01,1
0.57,0.02,1
0.15,-0.16,1
-0.07,0.51,-1
0.3,-0.93,1
-0.95,-0.31,1
-0.47,0.24,1
-0.06,0.27,-1
0.66,0.82,1
-0.34,0.33,-1
0.58,0.82,-1
0.05,0.75,-1
-0.66,0.38,1
-0.68,0.5,1
-0.37,-0.31,1
0.41,0.4,-1
-0.79,-0.22,1
0.67,-0.55,1
0.55,-0.14,1
0.81,0.89,1
-0.18,0.57,-1
-0.07,0.48,-1
-0.42,-0.23,1
-0.5,-0.21,1
-0.85,0.26,1
-0.63,0.68,1
0.24,0.73,-1
-0.22,0.05,1
-0.17,-0.93,1
0.25,-0.27,1
-0.8,-0.97,1
0.39,0.76,-1
0.23,0.56,-1
-0.24,-0.17,1
-0.76,-0.34,1
-0.19,0.83,-1
0.51,-0.24,1
0.83,-0.85,1
-0.95,0.05,1
0.25,0.35,-1
-0.72,0.8,1
-0.73,-0.8,1
0,-0.98,1
0.68,-0.89,1
-0.19,0.05,1
0.15,0.99,-1
-0.29,0.84,-1
-0.3,-0.61,1
0.24,0.96,-1
-0.73,0.35,1
-0.05,0.61,-1
-0.9,0.69,1
0.84,-0.13,1
-0.41,0.65,-1
0.2,0.19,-1
0.53,0.96,-1
0.54,0.46,1
0.69,0.77,1
-0.2,-0.29,1
0.36,-0.23,1
-0.72,-0.28,1
-0.03,-0.2,1
0.73,0.33,1
0.72,0.64,1
-0.44,-0.16,1
-0.65,0,1
0.54,-0.75,1
-0.97,0.57,1
-0.3,-0.8,1
0.21,0.66,-1
-0.77,0.9,1
-0.22,0.47,-1
-0.22,0.16,-1
0.19,-0.05,1
0.06,0.06,1
0.42,0.95,-1
-0.64,-0.64,1
-0.98,-0.35,1
-0.57,0.32,1
-0.02,0.89,-1
-0.55,-0.89,1
-0.1,0.37,-1
0.83,0.98,1
-0.97,-0.75,1
0.74,-0.67,1
-0.07,0.2,-1
-0.03,0.51,-1
-0.77,0.63,1
0.53,0.17,1
0.25,-0.88,1
0.42,-0.22,1
-0.28,-0.26,1
0.76,-0.01,1
-0.86,0.94,1
0.68,-0.07,1
0.04,0.97,-1
-0.18,-0.57,1
0.65,-0.2,1
-0.59,0.68,1
-0.4,0.15,1
0.76,0.08,1
0.73,0.25,1
-0.26,0.97,-1
-0.71,0.4,1
0.89,0.3,1
-0.75,0.41,1
1,0.72,1
-0.93,0.68,1
-0.09,-0.69,1
0.65,-0.23,1
-0.05,-0.79,1
-0.41,-0.76,1
-0.77,-0.84,1
-0.16,0.93,-1
-0.87,-0.19,1
-0.39,-0.11,1
0.15,0.58,-1
0.45,1,-1
-0.68,-0.15,1
0.22,0.45,-1
0.6,-0.74,1
0.64,0.76,1
-0.88,0.96,1
0.65,-0.33,1
-0.18,0.53,-1
0.4,0.28,-1
-0.25,0.67,-1
0.31,-0.24,1
-0.14,-0.29,1
-0.91,-0.82,1
0.88,0.97,1
-0.59,0.33,1
-0.49,0.79,-1
-0.41,-0.36,1
0.37,0.38,-1
-0.65,-0.01,1
-0.26,-0.08,1
0.27,-0.18,1
0.86,0.47,1
-0.3,0.24,1
0.95,0.54,1
-0.82,0.89,1
0.56,0.57,1
0.32,0.51,-1
-0.91,-0.33,1
0.57,0.49,1
0.76,-0.38,1
-0.48,0.24,1
0.64,-0.18,1
-0.93,0.07,1
0.35,0.76,-1
0.13,-0.36,1
0.6,0.6,1
-0.29,-0.63,1
0.01,0,1
0.74,0.52,1
0.03,0.58,-1
-0.62,0.72,1
0.18,-0.13,1
0.42,-0.93,1
-0.08,-0.68,1
-0.67,-0.4,1
-0.12,-0.33,1
-0.05,0.39,-1
-0.26,-0.21,1
0.97,0.99,1
-0.46,0.32,1
0.68,0.71,1
-0.11,-0.23,1
0.21,0.77,-1
0.81,-0.66,1
-0.7,0.07,1
-0.84,-0.02,1
-0.34,-0.19,1
0.55,0.6,1
-0.82,0.35,1
0.77,0.85,1
-0.61,0.55,1
0.98,0.77,1
-0.44,-0.22,1
0.88,-0.63,1
0.71,-0.65,1
-0.04,-0.08,1
-0.67,-0.65,1
-0.37,0.44,-1
-0.35,-0.84,1
-0.29,-0.39,1
0.88,-0.41,1
0.34,0.62,-1
0.78,-0.06,1
-0.82,0.79,1
0.79,-0.04,1
-0.63,-0.2,1
-0.03,0.95,-1
-0.99,-0.87,1
0.04,-0.1,1
0.77,0.1,1
-0.31,0.7,-1
0.96,0.65,1
0.68,0.98,-1
-0.22,0.95,-1
-0.63,0.6,1
-0.63,-0.71,1
-1,-0.54,1
0.07,0.98,-1
-0.54,0.54,1
0.34,0.5,-1
-0.69,-0.15,1
-0.7,-0.34,1
0.17,0.33,-1
0.99,0.91,1
0.84,-0.99,1
-0.87,0.03,1
-0.05,0.66,-1
0.06,-0.96,1
-0.01,-0.02,-1
0.93,0.11,1
0.27,0.12,1
0.72,0,1
0.89,0.55,1
-0.18,0,1
-0.31,-0.95,1
1,-0.99,1
0.95,-0.41,1
-0.83,0.55,1
-0.31,-0.34,1
-0.08,0.81,-1
0.83,0.26,1
0.56,-0.9,1
-0.08,-0.29,1
0.24,0.27,-1
0.08,0.6,-1
0.96,-0.29,1
-0.69,-0.81,1
0.71,-0.52,1
-0.02,0.24,-1
0.53,0.53,1
-0.59,-0.67,1
0.84,-0.15,1
0.06,-0.06,1
-0.83,0.48,1
-0.4,-0.25,1
0.53,0.09,1
0.83,0.56,1
0.86,-0.56,1
-1,0.55,1
0.94,0.39,1
0.02,0.24,-1
-0.71,0.78,1
0.63,-0.02,1
-0.11,0.08,1
-0.29,-0.7,1
-0.93,-0.19,1
-0.44,0.58,-1
-0.14,0.92,-1
-0.43,0.2,1
0.16,-0.58,1
0.53,0.99,-1
0.16,0.11,-1
-0.32,-0.9,1
-0.41,-0.89,1
0.65,-0.7,1
-0.97,0.65,1
0.42,0.27,-1
0.62,0.39,1
-1,0.82,1
0.6,-1,1
0.6,0.49,1
-0.02,0.07,-1
-0.36,-0.83,1
0.58,-0.57,1
-0.22,-0.31,1
0.41,-0.74,1
0.79,-0.7,1
0.6,0.44,1
-0.3,-0.62,1
0.8,-0.6,1
-0.84,-0.81,1
0.81,-0.03,1
1,-0.03,1
-0.59,-0.59,1
0.13,0.78,-1
0.68,0.76,1
0.32,0.65,-1
0.03,0.45,-1
-0.24,-0.38,1
-0.42,-0.55,1
0.16,-0.14,1
0.92,0.57,1
0.19,0.74,-1
0.7,-0.25,1
0.21,0.21,-1
1,-0.94,1
0.84,0.15,1
0.99,-0.35,1
0.59,0.7,-1
-0.84,-0.81,1
-0.32,-0.07,1
-0.12,-0.78,1
0.61,-0.6,1
-0.03,0.77,-1
0.49,0.27,1
0.41,0.71,-1
-0.15,0.61,-1
0.27,-1,1
0.75,-0.78,1
-0.6,0.06,1
-0.49,0.02,1
0.1,-0.52,1
-0.5,0.76,-1
0.53,-0.96,1
0.12,0.35,-1
-0.29,0.21,-1
-0.07,-0.12,1
-0.44,-0.33,1
-0.44,0.66,-1
-0.17,-0.75,1
-0.84,-0.07,1
-0.17,0.42,-1
-0.79,0.74,1
-0.45,0.29,1
-0.98,-0.3,1
-0.08,0.91,-1
0.08,-0.8,1
0.03,0.52,-1
0.18,0.36,-1
-0.39,0.02,1
0.04,0.94,-1
0.36,0.62,-1
-0.35,-0.32,1
0.52,-0.91,1
-0.13,-0.9,1
-0.4,-0.53,1
0.7,0.22,1
0.41,-1,1
-0.78,0.69,1
-0.66,-1,1
-0.85,-0.56,1
-0.1,-0.97,1
-0.48,0.69,-1
-0.28,-0.61,1
0.28,0.76,-1
0.38,0.17,1
-0.75,0.4,1
0.61,0.59,1
-0.62,-0.5,1
-0.34,0.03,1
0.03,0.34,-1
-0.5,0.19,1
0.33,0.4,-1
-0.6,0.89,-1
0.99,-0.33,1
0.8,0.3,1
0.65,-0.98,1
-0.81,0.72,1
-0.05,-0.71,1
-0.07,0.49,-1
-0.5,-0.52,1
0.44,0.26,1
-0.97,0.95,1
-0.67,-0.76,1
-0.39,0.47,-1
-0.35,0.3,-1
-0.04,-0.48,1
-0.67,0.08,1
-0.53,0.17,1
0.13,-0.88,1
-0.67,-0.77,1
0.69,-0.95,1
-0.56,0.69,-1
0.95,-0.7,1
0.81,-0.87,1
-0.13,-0.38,1
-0.57,-0.48,1
0.01,0.66,-1
-0.22,0.52,-1
-0.67,-0.68,1
0.29,-0.69,1
-0.99,0.21,1
-0.01,0.06,-1
0.5,-0.57,1
-0.71,-0.05,1
-0.59,-0.03,1
-0.24,0.91,-1
0.98,0.85,1
0.95,-0.64,1
0.42,0.57,-1
-0.85,-0.04,1
0.62,-0.15,1
0.12,-0.77,1
-0.98,0.33,1
-0.06,-0.86,1
-0.42,-0.31,1
0.72,0.96,1
-0.16,0.64,-1
0.01,-0.63,1
0.59,-0.57,1
-0.54,-0.96,1
0.36,0.5,-1
-0.29,0.77,-1
-0.17,-0.76,1
-0.65,-0.34,1
0.57,-0.75,1
-0.76,-0.84,1
0.06,-0.27,1
-0.73,0.16,1
-0.12,0.07,-1
0.3,-0.66,1
-0.45,0.01,1
-0.82,0.1,1
0.66,-0.38,1
-0.15,-0.29,1
-0.2,-0.83,1
0.19,0.64,-1
0.61,0.08,1
-0.7,-0.13,1
0.02,0.66,-1
-0.13,-0.97,1
0.15,-0.82,1
0.8,-0.57,1
-0.08,0.55,-1
-0.23,-0.31,1
0.42,0.71,-1
0.08,0.2,-1
0.8,-0.28,1
0.07,-0.43,1
-0.03,0.09,-1
0.34,-0.25,1
0.9,-0.81,1
-0.98,0.8,1
0.42,-0.46,1
0.77,0.93,1
-0.02,0.41,-1
-0.88,0.18,1
0.47,-0.49,1
-1,0.88,1
0.25,-0.37,1
-0.91,-0.95,1
0.41,-0.89,1
0.56,0.46,1
-0.69,-0.8,1
-0.43,0.35,1
-0.5,0.18,1
0.5,-0.27,1
-0.97,-0.2,1
-0.5,0.9,-1
0.86,-0.5,1
-0.18,0.13,-1
-0.31,-0.29,1
-0.15,-0.87,1
-0.18,-0.14,1
0.87,0.23,1
0.52,-0.9,1
0.89,0.54,1
-0.12,0.27,-1
-0.67,0.97,-1
0.02,0.97,-1
-0.53,0.13,1
0.35,-0.13,1
-0.82,-0.02,1
0.51,-0.95,1
-0.43,0.8,-1
0.21,0.18,1
0.01,-0.74,1
0.58,-0.62,1
0.96,0.35,1
0.01,-0.91,1
-0.13,0.89,-1
0.05,-0.21,1
-0.27,0.86,-1
0.9,-0.06,1
-0.65,-0.39,1
-0.89,0.84,1
-0.02,-0.18,1
0.18,-0.1,1
-0.03,0.35,-1
0.71,0.64,1
0.36,-0.53,1
0.04,-0.86,1
-0.82,0.58,1
-0.53,-0.65,1
0.18,-0.64,1
-0.23,-0.55,1
-0.3,-0.31,1
-0.64,-0.21,1
-0.25,-0.14,1
0.5,0.81,-1
0.93,-0.59,1
-0.17,0.99,-1
0.38,0.92,-1
-0.02,0.95,-1
-0.62,0.02,1
-0.98,0.55,1
0.14,-0.85,1
-0.05,0.36,-1
-0.03,-0.44,1
0.36,-0.94,1
0,0.31,-1
0.46,0.46,-1
-0.06,0.73,-1
-0.87,1,1
-0.63,0.22,1
0.74,0.82,1
0.36,-0.44,1
0.81,0.27,1
0.91,-0.49,1
0.75,-0.91,1
-0.86,0.12,1
0.11,0.26,-1
-0.57,-0.19,1
-0.19,0.26,-1
-0.23,-0.71,1
-0.63,0.45,1
-0.25,-0.42,1
0.8,-0.08,1
0.68,-0.02,1
-0.52,0.4,1
-0.15,-0.85,1
-0.95,0.78,1
-0.61,-0.85,1
-0.87,0.57,1
-0.55,-0.27,1
-0.4,0,1
-0.88,-0.76,1
0.79,-0.09,1
0.71,0.9,1
-0.75,0.59,1
0.92,-0.89,1
0.98,-0.42,1
-0.7,-0.17,1
-0.77,0.05,1
0.58,0.09,1
-0.54,-0.15,1
-0.57,-0.68,1
0.61,0.19,1
-0.9,0.38,1
0.59,0.66,1
0.1,-0.5,1
-0.62,-0.71,1
-0.51,-0.35,1
0.65,0.52,1
0.64,-0.48,1
0.96,-0.44,1
0.07,-0.1,1
-0.38,-0.01,1
-0.19,0.94,-1
0.35,-0.01,1
0.48,0.64,-1
0.34,-0.68,1
-0.9,-0.65,1
0.49,0.94,-1
-0.56,-0.1,1
-0.91,-0.96,1
0.38,0.18,1
0.23,-0.92,1
0.21,-0.41,1
-0.44,-0.66,1
0.74,0.36,1
0.77,0.38,1
-0.69,0.58,1
0.04,0.98,-1
0.89,0.52,1
0.99,-0.79,1
0.92,-0.07,1
-0.2,-0.83,1
0.35,0.42,-1
-0.6,-0.27,1
-0.13,0.14,-1
-0.19,0.91,-1
0.05,-0.05,1
0.13,0.93,-1
-0.88,0.77,1
0.18,0.08,-1
-0.66,0.33,1
0.37,-0.69,1
0.83,0.96,1
-0.84,0.41,1
-0.61,-0.46,1
0.37,-0.46,1
-0.54,0.53,1
-0.8,0.44,1
0,0.57,-1
-0.96,-0.07,1
-0.21,0.66,-1
-1,0.23,1
0.39,-0.8,1
-0.6,0.45,1
0.14,-0.64,1
-0.07,-0.04,1
0.61,-0.59,1
0.83,0.54,1
-0.88,0.93,1
-0.04,0.38,-1
0.75,0.11,1
0.33,0.78,-1
-0.67,0.14,1
0.85,0.86,1
0.03,-0.84,1
-0.23,0.25,-1
-0.23,0.81,-1
0.03,0.54,-1
-0.4,-0.97,1
-0.87,0.38,1
-0.66,0.9,-1
0.76,0.58,1
0.19,-0.62,1
-0.34,-0.23,1
0.74,0.52,1
0.46,0.86,-1
0,1,-1
0,-0.81,1
-0.45,-0.75,1
-0.51,0.23,1
0.19,-0.6,1
0.94,-0.95,1
0.07,0.14,-1
0.98,-0.43,1
0.94,0.07,1
-0.36,0.71,-1
0.27,-0.38,1
0.05,-0.17,1
-0.3,-0.34,1
0.5,-0.16,1
0.25,-0.15,1
-0.23,-0.67,1
-0.98,0.81,1
-1,0.63,1
0.28,0.02,1
-0.28,0.02,1
0.89,0.63,1
0.77,-0.02,1
-0.61,0.53,1
0.42,-0.52,1
-0.19,1,-1
0.41,-0.25,1
-0.85,0.47,1
-0.06,-0.56,1
0.21,-0.92,1
-0.27,-0.42,1
0.14,-0.36,1
0.23,-0.35,1
0.15,-0.53,1
-0.72,0.28,1
-0.77,0.45,1
-0.66,-0.58,1
-0.96,-0.24,1
0.46,0.43,1
-0.32,-0.26,1
-0.61,0.11,1
-0.08,-0.6,1
0.43,0.53,-1
-0.46,-0.38,1
-0.34,0.83,-1
0.76,0.6,1
0.1,0.29,-1
-0.26,0.92,-1
0.04,0.24,-1
0.72,-0.79,1
0.47,0.44,-1
-0.24,0.94,-1
0.71,-0.39,1
-0.52,0.31,1
-0.11,-0.44,1
-0.28,-0.42,1
-0.92,0.94,1
-0.1,0.07,-1
0.25,-0.85,1
-0.13,-0.95,1
0.52,0.73,-1
-0.64,-0.13,1
-0.39,-0.79,1
-0.83,-0.24,1
0.07,-0.89,1
-0.45,-0.41,1
0.61,-0.1,1
0.1,0.48,-1
-0.61,0.77,-1
0.05,-0.16,1
0.73,-0.52,1
-0.67,0.86,-1
0.66,0.23,1
-0.01,-0.79,1
-0.14,-0.9,1
-0.77,-0.49,1
-0.27,0.37,-1
-0.23,0.97,-1
0.94,0.62,1
0.26,-0.3,1
0.27,-0.29,1
0.46,-0.57,1
0.26,-0.31,1
0.52,0.76,-1
0.94,-0.45,1
-0.69,-0.99,1
0.29,-0.27,1
-0.65,-0.68,1
0.22,-0.1,1
0.76,-0.2,1
-0.33,-0.69,1
-0.88,-0.35,1
-0.82,0.33,1
0.7,-0.99,1
0.65,0.68,1
0.23,0.11,1
-0.93,0.74,1
0.39,0.83,-1
-0.27,-0.97,1
-0.1,0.66,-1
-0.02,-0.91,1
-0.92,0.8,1
0.29,-0.45,1
0.88,-0.68,1
-0.89,-0.2,1
0.03,0.3,-1
0.23,-0.17,1
0.53,-0.5,1
0.27,-0.01,1
0.73,-0.41,1
0.96,-0.75,1
0.08,-0.39,1
0.7,-0.76,1
0.4,0.63,-1
-0.07,-0.51,1
0.45,-0.59,1
-0.22,1,-1
-0.73,-0.73,1
-0.32,0.87,-1
-0.34,-0.75,1
-0.77,0.78,1
-0.95,0.04,1
-0.77,0.62,1
-0.12,-0.16,1
0.48,0.11,1
0.76,0.57,1
-0.52,-0.56,1
0.03,-0.95,1
0.13,0.28,-1
0.1,0.59,-1
-0.65,-0.31,1
0.55,0.9,-1
-0.47,0.92,-1
0.64,-0.28,1
0.61,0.19,1
-0.15,0.73,-1
-0.49,0.08,1
-0.26,-0.26,1
0.43,-0.78,1
-0.43,0.65,-1
0.74,-0.3,1
-0.45,-0.65,1
-0.25,-0.12,1
0.35,-0.98,1
0.7,0.46,1
-0.24,-0.78,1
-0.89,-0.54,1
0.52,0.73,-1
-0.46,0.55,-1
-0.65,-0.79,1
-0.1,0.31,-1
0.66,0.77,1
-0.64,-0.85,1
0.78,0.68,1
0.92,0.41,1
0.18,-0.11,1
-0.73,0.06,1
0.35,-0.17,1
0.19,0.56,-1
-0.57,0.99,-1
-0.08,0.99,-1
0.14,0.3,-1
-0.9,0.92,1
0.42,-0.36,1
-0.25,-0.99,1
0.86,-0.42,1
0.41,0.24,-1
0.94,-0.42,1
0.29,-0.21,1
-0.29,0.4,-1
-0.65,-0.41,1
0.2,0.11,-1
0.04,-0.9,1
0.33,-0.36,1
0.12,0.45,-1
0.04,-0.72,1
0.32,-0.74,1
0.75,-0.33,1
-0.51,-0.88,1
-0.17,0.77,-1
0.22,-0.93,1
0.11,0.69,-1
-0.96,-0.72,1
-0.45,-0.04,1
-0.27,0.68,-1
-0.05,0.72,-1
0.21,0.33,-1
0.07,-0.81,1
0.9,-0.57,1
0.1,0.32,-1
0.22,0.77,-1
-0.36,-0.8,1
-0.88,0.14,1
0.03,0.74,-1
0.27,0.31,-1
-0.66,-0.37,1
-0.48,0.89,-1
-0.96,0.54,1
0.77,-0.7,1
-0.76,-0.71,1
0.78,0.85,1
0.67,0.49,1
-0.99,-0.07,1
0.07,0.85,-1
-0.25,0.62,-1
0.59,-0.87,1
-0.23,-0.32,1
-0.96,0.93,1
0.93,-0.19,1
0.18,-0.08,1
0.53,0.77,-1
0.34,-0.33,1
0.88,0.26,1
0.73,0.02,1
0.1,-0.53,1
-0.64,0.74,-1
0.9,0.39,1
-0.7,0.36,1
0.02,0.4,-1
0.58,0.4,1
-0.75,0.99,1
0.64,-0.33,1
0.37,0.96,-1
0.89,0.13,1
0.73,-0.78,1
0.76,0.69,1
0.74,-0.57,1
-0.03,-0.02,-1
-0.96,-0.7,1
-0.26,0.56,-1
-0.33,0.29,-1
0.47,0.64,-1
-0.46,0.99,-1
0.03,-0.74,1
0.53,0.63,1
0.88,-0.37,1
-0.41,0.91,-1
-0.32,0.89,-1
0.92,0.93,1
0.24,0.61,-1
0.23,-0.34,1
-0.93,0.42,1
-0.95,-0.47,1
1,-0.95,1
-0.65,-0.83,1
-0.68,0.68,1
0.61,-0.66,1
-0.01,-0.71,1
0.95,-0.1,1
0.58,0.66,1
0.08,0.46,-1
-0.96,-0.11,1
-0.32,0.1,1
-0.58,0.72,-1
0.93,-0.71,1
0.81,0.07,1
-0.6,-0.27,1
0.14,0.72,-1
-0.9,0.01,1
0.31,0.37,-1
0.42,-0.54,1
0.54,0.87,-1
-0.54,-0.1,1
0.47,0.31,1
0.51,-0.69,1
0.53,-0.41,1
-0.38,0.09,1
0.7,-0.21,1
-0.99,0.85,1
-0.22,0.7,-1
0.8,0.33,1
-0.07,-0.97,1
0.09,0.67,-1
-0.54,-0.29,1
0.37,-0.34,1
0.09,1,-1
-0.88,0.21,1
0.74,-1,1
-0.35,-0.23,1
0.94,-0.33,1
0.58,-0.15,1
0.8,0.93,1
-0.1,0.59,-1
-0.31,-0.1,1
-0.51,-0.15,1
0.96,-0.57,1
-0.37,0.56,-1
0.41,0.64,-1
0.29,-0.22,1
0.67,0.06,1
-0.55,0.85,-1
-0.76,-0.68,1
-0.48,0.52,-1
-0.57,-0.11,1
0.6,-0.54,1
-0.22,-0.57,1
-1,0.36,1
-0.13,-0.17,1
-0.46,0.71,-1
0.48,0.78,-1
-0.95,-0.94,1
-0.35,-0.39,1
-0.61,-0.66,1
-0.88,-0.17,1
-0.42,-0.54,1
0.29,-0.01,1
0.02,-0.53,1
0.14,-0.7,1
0.81,-0.72,1
0.35,-0.39,1
-0.43,0.37,-1
-0.07,0.24,-1
-0.49,-0.99,1
0.9,-0.03,1
0.92,0.01,1
0.92,-0.08,1
0.82,0.83,1
-0.11,0.51,-1
0.44,-0.27,1
-0.36,0.4,-1
0.8,0.83,1
-0.54,0.37,1
0.74,-0.05,1
0.51,-0.64,1
-0.49,0.79,-1
0.96,0.55,1
0.85,-0.71,1
-0.25,0.6,-1
-0.54,-0.75,1
-0.04,-0.3,1
0.87,-0.78,1
-0.42,0.15,1
-0.96,-0.05,1
0.38,-0.65,1
0.3,-0.57,1
0.64,-0.13,1
0.9,0,1
0.94,0.25,1
-0.8,-0.36,1
-0.1,0.24,-1
0.18,0.08,1
1,0.15,1
0.71,0.27,1
0.06,-0.89,1
0.85,-1,1
0.96,-0.27,1
0.71,0.05,1
-0.61,0.66,1
-0.27,-0.39,1
0.8,-0.09,1
-0.57,-0.42,1
0.66,-0.91,1
0.8,-0.96,1
0.04,-0.6,1
0.43,0.72,-1
0.28,-0.31,1
-0.09,0.95,-1
-0.15,0.19,-1
-0.17,0.52,-1
0.46,0.43,-1
0.82,0.77,1
0.65,0.45,1
-0.21,0.79,-1
-0.36,-0.21,1
-0.17,-0.03,1
-0.91,0.59,1
-0.44,0.1,1
0.21,-0.35,1
-0.11,-0.82,1
-0.01,-0.85,1
-0.59,0.06,1
-1,0.09,1
-0.75,0.99,1
0.7,0.69,1
1,-1,1
-0.57,0.67,-1
0.23,0.62,-1
0.32,-0.94,1
0.54,0.45,1
-0.55,-0.93,1
0.01,0.32,-1
0.36,-0.91,1
-0.33,0.78,-1
0.74,0.38,1
0.05,0.64,-1
-0.74,-0.03,1
0.46,0.22,1
-0.46,-0.26,1
0.06,-0.18,1
-0.58,0.24,1
0.94,0.73,1
-0.56,0.2,1
-0.11,-0.03,-1
-0.19,0.23,-1
0.08,-0.49,1
-0.78,0.57,1
0.05,-0.03,-1
0.08,0.81,-1
-0.71,-0.52,1
-0.99,0.7,1
0.85,-0.99,1
-0.71,0.13,1
0.97,-0.65,1
-0.78,-0.01,1
-0.75,-0.79,1
0.62,-0.62,1
0.33,-0.35,1